-- phpMyAdmin SQL Dump
-- version 5.2.1
-- https://www.phpmyadmin.net/
--
-- Hôte : 127.0.0.1:3306
-- Généré le : ven. 04 avr. 2025 à 10:54
-- Version du serveur : 8.2.0
-- Version de PHP : 8.2.13

SET SQL_MODE = "NO_AUTO_VALUE_ON_ZERO";
START TRANSACTION;
SET time_zone = "+00:00";


/*!40101 SET @OLD_CHARACTER_SET_CLIENT=@@CHARACTER_SET_CLIENT */;
/*!40101 SET @OLD_CHARACTER_SET_RESULTS=@@CHARACTER_SET_RESULTS */;
/*!40101 SET @OLD_COLLATION_CONNECTION=@@COLLATION_CONNECTION */;
/*!40101 SET NAMES utf8mb4 */;

--
-- Base de données : `helphub_db`
--

-- --------------------------------------------------------

--
-- Structure de la table `donateur`
--

DROP TABLE IF EXISTS `donateur`;
CREATE TABLE IF NOT EXISTS `donateur` (
  `id_donateur` int NOT NULL AUTO_INCREMENT,
  `nom` varchar(20) NOT NULL,
  `prenom` varchar(20) NOT NULL,
  `email` varchar(20) NOT NULL,
  `CIN` char(10) NOT NULL,
  `pseudo` varchar(20) NOT NULL,
  `pwrd` varchar(20) NOT NULL,
  PRIMARY KEY (`id_donateur`),
  UNIQUE KEY `CIN` (`CIN`),
  UNIQUE KEY `pseudo` (`pseudo`)
) ENGINE=MyISAM AUTO_INCREMENT=6 DEFAULT CHARSET=utf8mb4 COLLATE=utf8mb4_0900_ai_ci;

--
-- Déchargement des données de la table `donateur`
--

INSERT INTO `donateur` (`id_donateur`, `nom`, `prenom`, `email`, `CIN`, `pseudo`, `pwrd`) VALUES
(1, 'Yassine', 'Haddad', 'yassine@gmail.com', '44556677', 'yasso', 'donpass1$'),
(2, 'Lina', 'Saidi', 'lina@gmail.com', '55667788', 'linaa', 'mypassword#'),
(3, 'Omar', 'Feki', 'omar@gmail.com', '66778899', 'omarf', 'omarpass9$'),
(4, 'Sana', 'Jaziri', 'sana@gmail.com', '77889900', 'sana_jz', 'sanaSecure#'),
(5, 'Nidhal', 'Kefi', 'nidhal@gmail.com', '88990011', 'nidkef', 'nidhal123$');

-- --------------------------------------------------------

--
-- Structure de la table `donateur_projet`
--

DROP TABLE IF EXISTS `donateur_projet`;
CREATE TABLE IF NOT EXISTS `donateur_projet` (
  `id` int NOT NULL AUTO_INCREMENT,
  `id_projet` int NOT NULL,
  `id_donateur` int NOT NULL,
  `montant_participation` float DEFAULT NULL,
  `date_participation` timestamp NULL DEFAULT NULL,
  PRIMARY KEY (`id`),
  KEY `id_projet` (`id_projet`),
  KEY `id_donateur` (`id_donateur`)
) ENGINE=MyISAM AUTO_INCREMENT=6 DEFAULT CHARSET=utf8mb4 COLLATE=utf8mb4_0900_ai_ci;

--
-- Déchargement des données de la table `donateur_projet`
--

INSERT INTO `donateur_projet` (`id`, `id_projet`, `id_donateur`, `montant_participation`, `date_participation`) VALUES
(1, 1, 1, 200, '2025-04-04 09:59:42'),
(2, 1, 2, 300, '2025-04-04 09:59:42'),
(3, 2, 3, 500, '2025-04-04 09:59:42'),
(4, 3, 4, 400, '2025-04-04 09:59:42'),
(5, 4, 5, 600, '2025-04-04 09:59:42');

-- --------------------------------------------------------

--
-- Structure de la table `projet`
--

DROP TABLE IF EXISTS `projet`;
CREATE TABLE IF NOT EXISTS `projet` (
  `id_projet` int NOT NULL AUTO_INCREMENT,
  `titre` varchar(30) NOT NULL,
  `description` varchar(200) NOT NULL,
  `date_limite` date NOT NULL,
  `montant_total_a_collecter` double(10,2) NOT NULL,
  `montant_total_a_collecte` double NOT NULL,
  `id_responsable_association` int NOT NULL,
  PRIMARY KEY (`id_projet`),
  KEY `id_responsable_association` (`id_responsable_association`)
) ENGINE=MyISAM AUTO_INCREMENT=6 DEFAULT CHARSET=utf8mb4 COLLATE=utf8mb4_0900_ai_ci;

--
-- Déchargement des données de la table `projet`
--

INSERT INTO `projet` (`id_projet`, `titre`, `description`, `date_limite`, `montant_total_a_collecter`, `montant_total_a_collecte`, `id_responsable_association`) VALUES
(1, 'Projet Nour', 'Aide alimentaire pour familles à Kairouan.', '2025-05-01', 5000.00, 1500, 1),
(2, 'Education First', 'Soutien scolaire pour enfants défavorisés.', '2025-06-10', 7000.00, 3000, 2),
(3, 'Santé Pour Tous', 'Campagne médicale gratuite à Sidi Bouzid.', '2025-07-15', 10000.00, 4000, 3),
(4, 'Ramadan Solidaire', 'Distribution de packs alimentaires.', '2025-04-20', 8000.00, 5000, 4),
(5, 'Refuge Sûr', 'Rénovation d’un centre d’accueil.', '2025-08-30', 12000.00, 6000, 5);

-- --------------------------------------------------------

--
-- Structure de la table `responsable_association`
--

DROP TABLE IF EXISTS `responsable_association`;
CREATE TABLE IF NOT EXISTS `responsable_association` (
  `id_responsable` int NOT NULL AUTO_INCREMENT,
  `nom` varchar(20) NOT NULL,
  `prenom` varchar(20) NOT NULL,
  `CIN` char(10) NOT NULL,
  `email` varchar(20) NOT NULL,
  `nom_association` varchar(30) NOT NULL,
  `adresse_association` varchar(50) NOT NULL,
  `matricule_fiscal` varchar(20) NOT NULL,
  `logo` longblob,
  `pseudo` varchar(20) NOT NULL,
  `pwrd` varchar(20) NOT NULL,
  PRIMARY KEY (`id_responsable`),
  UNIQUE KEY `CIN` (`CIN`),
  UNIQUE KEY `matricule_fiscal` (`matricule_fiscal`),
  UNIQUE KEY `pseudo` (`pseudo`)
) ENGINE=MyISAM AUTO_INCREMENT=6 DEFAULT CHARSET=utf8mb4 COLLATE=utf8mb4_0900_ai_ci;

--
-- Déchargement des données de la table `responsable_association`
--

INSERT INTO `responsable_association` (`id_responsable`, `nom`, `prenom`, `CIN`, `email`, `nom_association`, `adresse_association`, `matricule_fiscal`, `logo`, `pseudo`, `pwrd`) VALUES
(1, 'Ali', 'Ben Salah', '12345678', 'ali@gmail.com', 'AidPlus', 'Tunis Centre', '$ABC12', 0xffd8ffe000104a46494600010100000100010000ffdb0084000906070f0f0d0f0d0d100d0f0d0d0d0f100d0f0d0d0f0f10100e1511161616111915181d28201a1a251d1f1521312225292b2e2e2e171f3338332d3728313a2b010a0a0a0e0d0e1b10101a2f251f252d2d2d2d2e2b2d2d2b2b2d2f2f2d2d2d2b352b2b2d2d2d2d2d2b2e2d2d2d2d2d2d2d2d2f2d2d2d2d2d2d2d2d2d2d2d2f2d2dffc000110800e100e103011100021101031101ffc4001b00010100020301000000000000000000000100020603040507ffc4003b1000020201010603040805030500000000000102031104051221314151061361718191a12223324252b1c1d107142462724392f015335473e1ffc4001b01010002030101000000000000000000000001050203040607ffc40032110100020102030408060301000000000000010203041112213105415161132232718191a1c123b1d1e1f0f114425206ffda000c03010002110311003f00fb29220202014038010102c008100902c122c01600b0408009100016003000018000202020202020201c00a0148040700380220248b0408080891102c0100122c006000018000340004040404040280501901008080902010202020202020202c000012203102031000002020201014028040520120202040204040404040404000400000448c5803006000004040280c900808090124240408080408080808080008080000000090300600c0c4080500a03240202404040408040808080b204040404040004c00000192000606200c000501920140648048080810081008101a7f8fb6cd94aaf4f4c9c1db194ac9c5e25ba9e1453e99e3f03762a44f3975e97145b7b4b44a3596573565739c269e54a3269e7f537cc477bba6b131b4c3eb3e1cda2f55a4aaf9709c9353c72df8bc36be19392f5e19d955969c179abd2316b404000797a9f10696b9b84ac4e49e1ee465349f66d13b4baa9a2cd78de2bf677b4ba985b153aa519c5f58bebdbd190d17c76a4f0da36972860000000c5920600c0c40c90192014020644080404080408080d5fc6fb02cd54216d187752a4b71b4b7e0da784df55fab36e2bc57aba74f9a293b4f4968ba7f0e6bacb156b4f6c5e70e5645c20bd779fe9937cdeb1deec9cd488df77d4363e96bd1e9aba1ce1f571fa529351de9b7993e3cb8e4e5b4cda775764b4ded36d9d85b4b4f9c2ba8cf6f3a19fcc8da58f0dbc1d9de218903cef10df2af477ce19de8d7c1ae6b2d26fdcb2c98eae8d252b7cd58b74ddf30561b767a8d9b3f817512fe62cad7d8952e525d14a328a4fe6cc2d0aced4a47a28b77efb7e6ddcc1440000090003031600064804050190090103835bacae9addb6c94611e6df7e892eacce94b5edc358e6d59b3530d26f79da21e1d7e33d2b9eeb57463f8e514d7b709e7e475cf67e588df97b9595edbd3cdb698988f1dbf92d8aab2328a945a9464938b5c534d706714c4c4ed2b7ada2d1bc74679212eb6bb5f4d10dfbecaea877b24a39f45dc98899e8cab59b72886a5b4bf88fa586569a165efa49fd543e6b7be46e8c13dee8ae92d3ed4ecd7755e39da5736a98aad3e4a9a25397c659fc8d918691d5be34f8ebd5e7ce3b6352f8ada53cf4979d087c1e2265f871e0cb7c55f076745e02da373cdd1ae84f9bbac8ce5edc41bf9b444e6a47445b534af4e6dcfc3fe02d2e9651b6dfea6e8f18cac8a55c65de30e3c7d5b669be6b59cb93536b728e50d9f53a685b070b22a517d1f7ee9f47ea6969a5ed49deb2d476a6c8da1a5cd9a0d45f6d4b8ba6cb3cc9457a6f7092f83f69b22627aadb0ea74d9bd5cf4889f188dbe7b7f4f374de39b712ab594c2d8bcc6c514eb9e3934e2f867d3813c1e0e9bf64d395b15b69eeef8fe7cdc3a3d8b46ae6ff0092d54575f2751092b62bb7692f5426663ab3c9aac982bf8d4f8c74fd9ba6c0d890d241a4dcec9fdbb1ac67d12e88c267752eab576d45b9f288e90f54c5ca98000300648c5803000140280c91010101034dfe224a4969d71f2dbb33db7f11c7cb3f32d3b376f5bc793cff006ef16d4f0e7f3e5b7dda5b9968f3cfa0f83f56abd9cadbe4a15c2cb37653784a19fdf252eb29c59f6ac73e4f55d979629a4e2c93b444cf5f067a1dbd3d6ea3cbd2c5c34f5f1baf9afa4d748c5746fd7a67918e4d3c61a6f79e73d23f5678b5b6d4e5e1c51b563acfda3dfe6d8274424f328c64d72728a78f89c6b4dcc6882e518af645209de5e378b3c4956ced3f9b67d2b2798d15278764d7e515c32ff733c78e6f3b33c58a724ecf8fed1f1bed0ba6e6f53657c7842893aa11f449717ef6ced8c3488e8b0ae1a446db3d6f0f7f13f5344d435bfd4d1c9c9452be1ea9ac292f47c7d4c2fa789f67935e4d3567d9e52faf6cfd755a8aa17d138d94db1de84e3c9aff009d0e398989da5c131313b4bb242030350f13bd91749c3537d156a170f32b9c7cc8fa4b09ac7f91b2bc5dcb5d1ff9b8e37c7599af84f4f87ecd5768785b554a57e9dad4d1f6abbb4cf324ba4b7571ff006e4ce2d13ca56b8bb430e4f52feacf7c4ff3f36c1e0df183b671d2eadaf35bddaad7c37a5f827fddebd7973e78de9b73857f68766f047a5c5d3be3c3dde4de0d4a5000004808032462c0005019201440404040eaed2d9f5ea6a755cb317c787071974927d199e3c96c76e2ab4e7c14cf49a5e3934cdade1bd1e8e1e75f7dd38e7eae98a846763fc39edddf02cf16af2e59e1ad623cfba145a8eced3e9e38f25a663ba396f2f05dd7ed0baba2b494570a6a8e5554d6bafb9736f8b3ab6a60acda7e33df2e0df2eaf24523e11dd11fcef7d3f62eccaf4b4469afa719cbace6f9c9ff00cec5266cb6cb6e297aad369eb831c52bfdcbbe6a74319c924dbe0926db7d80f846d8b359b7b69db2d1d72b29aa5e55526f76aaea4f84a52e49cbed638be2b8703bebc38a9eb2cabc3869eb367d99fc218eea7acd5cf7dfda8e9631514fb6fcd36fe08d76d578434db57ff31f376759fc1fd2ca3f53aad5c27d3ccf2ac8fc1462fe6446aaddf088d5dbbe17813676bb63eade83578b343ab727a7beacbae3a94b3bad3e30728a7c1f0cc561bcb232dab9238a3ac2335ab9238a3ac3e85a9d542aae565925084166527c97ff007d0e673d2937b70d63797ce3c49aedb1b477abd1697534e8b9667bb45972eef7da6a3e8bdfd8df4e0af5eabfd262d16976b66bc4dfe711f2fe7834bda1b0b5da58ef6a34d75705ce7baa705ed945b48db16acf7ae716af0669da97899fafd5b07f0d7c48e8d54749397f4faa96229be10bdf292eca5c9fab46196bbc6ee0ed7d1fa4c5e9623d6afd63f67d3b6a6c2d2ea78dd545cd72b2398589f46a71e273c5a61e730eab361f62dcbc3ac7c9dfadf4e6e3c1e7d899aeb78b4cc784edf7fca5a1919a000003006062c9000a032440512120202075f686b614533bad788571729777d92f57c8ca949bda2b0d7972d71d26f6e90f93ea351a9da9acfa11729c9e2115f62aab3d5f44babeacbdac534d8f9cfeef2979cbadcdca3f4887b956dbd2ec9ded3d10fe6b53cb536ef28437d7382786f0bb7ea72db0e4d4fad69da3ba1615d461d0ef4a4715bbe7a3bba0fe2451278d453652bf1424ad8af57c13f93355fb3af1ecceff0046fc5db1499f5ebb7d5b8e875d55f05651642cadf2941a6b3dbd1fa1c36a5a93b5a365ad3256f1c559de18ed5d1ff31459a7729423741d73943ed7972e1249f46d6567a64889da776c89da775b336753a5a61a7d3571aa9ad623082e1ed7d5bf57c58b5a6d3bc96b4da77976c84200714f9a4f93f7a00704f9a4f0f2b3d1f701c01c7a8b23084a53fb2971fd8d59b3530d2725e76884c44ccf27ce36978774576a25a88572a24da9254d8e294d3cefa5c93e5cb8703cae5ffd3eaa6df871115f3e72bac5da19e94e099dfdfcdbc6cbda8aefa1258b12cf0e525fb96bd97daf1ab99c778dadf49fe782a2f8f879c39b4f6e7517c3b2adfbf778fe86fd365df599b1f870cfd3fa44c7ab12ed966c0120200c0192316000280c91014484808081af78bb64dfadf234d5495746fb9ea2c7c718c28c547ef3e327db81d5a6cb5c53379ebdce0d769ef9f871c4ed1d667f275b6c429d8fb32c7a658b6695719bc39ced970df6fd165e397032c736d4e68e2e8c72d69a3d3cfa38e7d3e2d0fc31e18bf684b7f2ebd3a96277496779f5515f79faf42c73eaab8a36eff053e93437cf3c53ca3c5f4ad9be0fd0509254c6d92e73bd79b26fd8f82f722aafaacb7efdbdcbec5a1c18e39577f7f37b1a6d1d5567caaebaf3cfcbae30cfb70689b5a7acba2b4ad7d98887390cd010101010101e678822de9a78e8e2dff8a7ff003e054f6dd2d6d1db6f29f86ecf1cfacd4bcc3c2cd5d1bbbdb125fd445f2505294df68a8bcb2cfb1e93fe5d6ddd1bccfbb66379f55e96c1bfcdd45f674925f0cf0f922e7b1f2ce6d566cbe3b7edf486bbf28887ba7a46a0488818b240c0c58000a032402880808081c70b733943ac545af630351f176825afd7e9b45971a28ae5a8d54b38c464f762bdaf76497b5b3b74f923163b5fbe7942b7578a73e5ae3ee8e72d934da8d3d308d356235d71518a8c5eea48e3b4cda779eab0ad62b1b47477ab9a924e2d34f93443266040404070dbaaae1c2738c5f66d23465d561c3cb25e23df2ceb8ef6f6619d56c64b309292ef17933c79699638a93131e48b566b3b4c6cccd8c5018c96534f8a7cf244c44c6d23c5d4786ea94b3194e09fdd586bdd9e451e5ec1c17b7156663c99c5e5e4ed6beaa22f4da7cb93ff00bf63796ffb33f995bad9c3a6a4e9f0759f6a7bfddfaa62779de5eaf852871a1daf9db2e1fe31e0be792d3b0f4f38f0cde7ada7e90c6f3bcbda2ed880000600c0c592001406480404808081e56beef2b5109fdd94712f6678fe84a1c5b4ab50de9c5e5ea66a539778c209423ecebed6c99b6f111e0c62b11333e2f3d4c864f53625af7e50e8e3bdef4d2212f6408080e9ed5d5baa994d7dae0a3ed6707696aa74da7b64af5e91ef96fd3e2f49922b3d1a8cad6db726db7cdb7c59f3dc96b5ed36b4ef32bc8aed1b439749ab9553538f4e6ba497637e8f55934d922f4f8f9c30cb8a3257865b9d72528a92e5249af633e914b45ab168ef504c6d3b4b2324319c9453949a492cb6de125dc899888de46a3b73c529b74e91e73c256ae6fd20bf5f8141aeed4e2fc3c1f3fd3f5f90f334db35c62afd6b953a7de4be927e658f9e1479f7e257e2d0f0c7a4d47ab5facfc13bb7ea947723b9851dd5bb8e5bb8e183d752222b1c3d10c8c800000481903164800500a032440500a01407436d699ceade8f1957f497ac7aafd7dc078d4ea94abf26c7849e6b9f3dd7d9ff00692864b67dcf947793e528ca2e2d77ce40f6b65e85d49b961ce5cf1c92ec425de010203cedbba6959a79282cca2d4a2bbe39af864aeed5d35b3e9ad5af5eb1f074e932463cb133d1a579a7839a6cf41c2e5d3c6564d57059949e17efec3661d35f2de2948e72c2f6ad2bc56e8df2b4a1051e918a597e88fa2d2231d22bdd10f373336b6fe2e8ddb62bdf55d5f5d649e1287d9cfacbb1c197b4f171c63c5ebda7c3a7c67fb7457497db8afeac79fe8ef797bd14ac519652de4d6639f632c22bbd76bedf6734edbf255d308fd98c63fe314bf2262958e9087cfbc69b45dbaa7545fd5e9d6efb6c7c64ff0025ee3cdf6a66f499b83babcbe3dec2d2dd3604f7b45a76f9f910f92c17da49df0527ca1943be742430000648c58030002406480500a20202020787b4f64664e546ee5f1956da5c7bafd891e7553d450f82b61dd383717f2c043d3d36dbb1f09d3397ad7197e4425eb69f51beb3b9643ff647740b53a98551deb25bb15ce4d3c2f6be8617c95a46f69da19d31daf3b57aba7ff5ed1ffe453fef473ff9da7ffb86ff00f0b51ff13f27159e25d1aff593ff0018ce5f9235dbb4b4d5ff007f96eca3b3f513febf93c4da3b6367d9272f26c9cdf39473567db87c7e0546ab53a0cb6e29c7333e31cbeeb0c1a5d5d236e2888f9fd9d2af6ff969ad3535539e726ddb3f8c8e5aebfd144c60c715f3eb3f396fb6878f9e5b4cfd23e8c29b353ac9eea73b38f1cf0847d5e38234446ab5b6db79b7e51f66568c1a6aefca3f36e1b1f64c34f1fc56497d29fe8bb23d3e87b3f1e96bcb9da7acfe9e4a4d4eaad9a7c23c1e9160e5706bb52aaaacb5f2ae1293f5c2ce0d796f14a4da7ba068fe0fd8eb5364f55a85bf08c9e14b94ed7c5b7dd2cfcfd0a2eced2fa6b4e5c9ce3f3961586f54d5184542094611e118ae49762feb58ac6d1d19b2321018920600062c00090192032402024040f3f6b3d435b9a78f06be94f7e29fb165fcc0d5b5145b54b364671967849e78bf491286c5b036a3b179563fac8acc5fe28fee884bd90100680f2b5de1cd2dcdb956a327f7aa7b8f3df8707ef471e5d060cbce6bcfcb93b30ebb3e2e516de3cf9bc5d4781a3cead44a2bb59529fcd34705fb1abfeb7f9c7f4eea76c4ff00b53e53b7da5d0d5f85a34477f51ada6b8f472ade5fa25bdc4e7bf64d71c6f7c911f0fddd18fb4e72ced4c5333eff00d986816c98c92b7516daff00baab2bafe4b3f16462c1a1acfaf699f84c432cd3af98f52911f1899fe7c1bc6cf74bae2f4fe5f95f77caddddf917f8631f0c7a3db6f279fcb1922ff89befe6ed1b5ac01e1f8cec6b452ae1c677d95d514bab72ce3e4707695a7d070c75998845ba3d1d95a25a7a2ba63f723c5f793e327ef793a70628c58e291dc98768dc000006481818b0060620280501920101012020636d719c5c6694a2f9a6b280d67696825a5b23755970524d778bfc2fd1f2250d9b4f72b2119c794e29a212e40201c81e078abc451d156a31c4b51627e5c1f24bf1cbd3d3a9c7abd54608da3da9e8b0d0686da9b73f663acfda1f2fd6eb2cbac76dd394e72eb27cbd12e8bd11e7f264b64b715a7797acc58a98abc348da1955b3f513598537c9778d3635f14898c57b738acfca58db3e2af2b5a23e30efecbd6eaf67d8acf2ee8c1bfacaed84e309af7ac27d99bb0df2e9edc5b4c477c4c4ed2e7d461c1aba70ef133dd3131331fb793ea7b375d5ea2985f53cc2c595dd3ea9faa7c0f438b2572562d5e92f259b0db0de697eb0ed1b1a9d3d6693ccb6893fb34ce567b67bae31fcdbf71a7263e3b5667a473fb47e63b66e00000120006062c0000080c900a01406402024080c6dae338b8c966325869f603a5b2ab756fe9e4f2a0f7aa6fad72fd53cfc40f44080eb6d2d6c34f4d97d9f62b8b93eedf48af56f0bde6bcb9231d26d3dcdb8715b2e48a57acbe75a0d87aada774b5773f2eab259df6b398f48c1754970cf2f69498f4f975569c96e513fce4f499b5983438e31539cc777de7f46f1b27c3ba5d325e5d6a535fead894ec7efe9eec16d8b498b1748e7e33d5439f5d9f3fb56e5e11ca1eb1d2e40d6783e407169f4b5d7bde546305396f4941613977c2e1931ad2b5f6636677c96bedc53bece5326080009801202062c90300606204040202805019201012040201bab29f5594bd8f9fe9f00320203a5b4b674351e5c6de35425bf2afa5935f677bbc57178ebc0d5931464da2dd1bf0e7b61de69d6796fe1e3b79bb91c2492c2496125cb06d68390202020002000224000c0c400000008080804040c900e40378816f806f803b00c5dc070cf52d01d6b75cd01d696d592250e4ab6936076ebd5b640e68de12e4568196f80ef816f80e408903000316c0008080808080500e40500e0816e806e81796062ea038e5a6c81c13d0640e196ca40670d9b8039e1a4c01cd1a00c956065b805ba058020024000c00080808080808080720202020205901020202022040404483204000000019000202020202020202020101c80816407205901c8164088101640b2483205900c80640b20190002020202020202020202020201c80e4080720590201020002c8164000803200040404040404040404040404040404040205902c80e408080b201902c81000101010101010101010101010101010101010101010101010101010101010101010101010101010101010101010101010101010101010101010101010101010101010101ffd9, 'alisalah', 'pass1234$'),
(2, 'Mouna', 'Trabelsi', '87654321', 'mouna@gmail.com', 'Hope4All', 'Sfax Ville', '$DEF34', NULL, 'mounaT', 'hopepass1#'),
(3, 'Karim', 'Bouazizi', '11112222', 'karim@gmail.com', 'SunHelp', 'Nabeul', '$GHI56', NULL, 'karimbo', 'karimSecure$'),
(4, 'Sara', 'Mansour', '22221111', 'sara@gmail.com', 'CareNow', 'Ariana', '$JKL78', NULL, 'saram', 'passsafe8#'),
(5, 'Hatem', 'Zribi', '33334444', 'hatem@gmail.com', 'SolidarityTN', 'Sousse', '$MNO90', NULL, 'hatemz', 'hatem1234$');
COMMIT;

/*!40101 SET CHARACTER_SET_CLIENT=@OLD_CHARACTER_SET_CLIENT */;
/*!40101 SET CHARACTER_SET_RESULTS=@OLD_CHARACTER_SET_RESULTS */;
/*!40101 SET COLLATION_CONNECTION=@OLD_COLLATION_CONNECTION */;
